Historia,¿Qué significado tiene “La Reforma”?,cambios sociales,guerras civiles,alianza militar,colonización,A,medio
Historia,¿Qué movimiento buscó justicia social en México?,Reforma,Independencia,Revolución,Conquista,C,medio
Historia,¿Qué movimiento buscó justicia para obreros?,Reforma,Independencia,Revolución,Porfiriato,C,medio
Historia,¿Qué guerra inició en 1939?,Primera Mundial,Segunda Mundial,Tercera Mundial,Revolución,B,medio
Historia,¿Qué documento dio independencia a México?,Constitución de 1824,Plan de Iguala,Tratado de Córdoba,Grito de Dolores,D,dificil
Historia,¿Qué acontecimiento puso fin a la Colonia?,Independencia,Revolución,Reforma,Liberación,A,medio
Historia,¿Qué acontecimiento marcó el fin de la Colonia?,Guerra de Independencia,Revolución Mexicana,Reforma,Consitución,D,fácil
Historia,¿Quién fue Miguel Hidalgo?,rey,independiente,padre de la patria,conquistador,C,facil
Historia,¿Quién fue Benito Juárez?,militar,gobernante de Oaxaca,líder indígena,presidente de México,D,medio
Historia,¿Quién fue Benito Juárez?,líder indígena,rey,presidente de México,doctor,C,medio
Historia,¿Quién dio el Grito de Dolores?,Hidalgo,Juárez,Maximiliano,Carranza,A,facil
Historia,¿En qué año inició la Revolución Mexicana?,1910,1900,1920,1890,A,facil
Historia,¿En qué año México obtuvo su independencia?,1810,1821,1917,1824,B,facil
Historia,¿Cuál fue la primera constitución de México?,1917,1857,1824,1867,C,medio
Historia,¿Cuál fue importancia de la Constitución de 1857?,Derechos civiles,Derechos humanos,Educación obligatoria,Finanzas,B,dificil
Historia,Tratado de Versalles puso fin a:,Primera Guerra Mundial,Segunda Guerra Mundial,Revolución,Roma,A,medio
Historia,Tratado de Versalles fue en:,1919,1939,1945,1920,A,medio
Historia,Tratado de Guadalupe Hidalgo fue en:,1848,1810,1910,1821,A,dificil
Historia,Tratado de Córdoba firmado por:,Iturbide,Hidalgo,Juárez,Carranza,A,medio
Historia,Segunda Guerra Mundial terminó en:,1945,1939,1950,1918,A,medio
Historia,Segunda Guerra Mundial inició en:,1939,1945,1914,1920,A,medio
Historia,Revolución Mexicana terminó en:,1917,1910,1921,1930,C,medio
Historia,Revolución Mexicana inició:,1900,1910,1920,1930,B,facil
Historia,Revolución Mexicana buscaba:,justicia social,monarquía,imperio,colonización,A,medio
Historia,Revolución Industrial inició en:,Francia,Alemania,Inglaterra,Italia,C,medio
Historia,Revolución Francesa inició en:,1789,1800,1750,1820,A,dificil
Historia,Reforma Liberal buscaba:,separación iglesia-estado,monarquía,imperio,esclavitud,A,medio
Historia,Primera Guerra Mundial inició en:,1914,1910,1939,1920,A,medio
Historia,Porfirio Díaz gobernó durante:,Porfiriato,Reforma,Colonia,Imperio,A,facil
Historia,Porfiriato terminó en:,1911,1910,1900,1920,A,medio
Historia,Porfiriato fue gobierno de:,Díaz,Juárez,Hidalgo,Carranza,A,medio
Historia,Porfiriato caracterizado por:,modernización y dictadura,democracia total,monarquía,imperio,A,medio
Historia,Plan de San Luis fue de:,Madero,Hidalgo,Juárez,Díaz,A,medio
Historia,Plan de Iguala fue en:,1821,1810,1857,1910,A,medio
Historia,Muro de Berlín simbolizaba:,división,unidad,paz,guerra,A,medio
Historia,Muro de Berlín cayó en:,1989,1991,1970,1960,A,medio
Historia,La Guerra Fría fue entre:,EEUU y Rusia,España y Francia,China y Japón,Rusia y Alemania,A,dificil
Historia,La Constitución de 1917 reconoció:,derechos agrarios,derechos laborales,límites de iglesia,libre comercio,B,medio
Historia,La Constitución de 1917 es importante por:,reformas sociales,derechos laborales,igualdad de género,derechos políticos,B,medio
Historia,Independencia inició en:,1810,1821,1917,1521,A,facil
Historia,Independencia de México consumada por:,Iturbide,Hidalgo,Juárez,Díaz,A,medio
Historia,Independencia consumada en:,1821,1810,1910,1857,A,facil
Historia,Imperio Romano se ubicó en:,Europa,Asia,África,América,A,medio
Historia,Imperio Romano de Occidente cayó en:,476,1492,1810,1910,A,dificil
Historia,Imperio Romano cayó en:,476,1492,800,1000,A,dificil
Historia,Imperio Mexicano fue encabezado por:,Iturbide,Juárez,Díaz,Hidalgo,A,medio
Historia,Imperio Azteca cayó en:,1521,1492,1810,1910,A,medio
Historia,Ilustración promovía:,razón,fe absoluta,monarquía,imperio,A,medio
Historia,Ilustración promovía:,razón y ciencia,fe absoluta,monarquía,guerra,A,medio
Historia,Ilustración promovió:,razón,fe absoluta,guerra,monarquía,A,medio
Historia,Ilustración influyó en:,Revolución Francesa,Imperio Romano,Colonia,Porfiriato,A,medio
Historia,Guerra Fría terminó en:,1991,1989,1970,2000,A,medio
Historia,Guerra Fría fue conflicto entre:,EEUU y URSS,México y EEUU,Francia y Alemania,China y Japón,A,medio
Historia,Grito de Dolores fue en:,1810,1821,1910,1857,A,facil
Historia,Descubrimiento de América fue en:,1492,1500,1519,1521,A,facil
Historia,Constitución 1917 reconoce:,derechos sociales,monarquía,esclavitud,imperio,A,medio
Historia,Conquista ocurrió en:,1519,1821,1917,1492,A,medio
Historia,Conquista liderada por:,Cortés,Hidalgo,Juárez,Díaz,A,medio
Historia,Conquista de México terminó en:,1521,1492,1810,1910,A,medio
Historia,Benito Juárez fue:,presidente,rey,conquistador,militar,A,facil